{
    "name": "GRIN RC",
    "vendorId": "0x476B",
    "productId": "0x0002",
    "menus": [ "qmk_rgb_matrix" ],
    "matrix": { "rows": 10, "cols": 7 },
    "layouts": {
        "keymap": [
            [
                {
                    "x": 0.5,
                    "c": "#777777"
                },
                "0,0",
                {
                    "c": "#cccccc"
                },
                "0,1",
                "0,2",
                "0,3",
                "0,4",
                "0,5",
                "0,6",
                "5,6",
                "5,5",
                "5,4",
                "5,3",
                "5,2",
                "5,1",
                {
                    "c": "#aaaaaa"
                },
                "5,0"
            ],
            [
                {
                    "x": 0.25,
                    "w": 1.5
                },
                "1,0",
                {
                    "c": "#cccccc"
                },
                "1,1",
                "1,2",
                "1,3",
                "1,4",
                "1,5",
                "1,6",
                "6,6",
                "6,5",
                "6,4",
                "6,3",
                "6,2",
                "6,1",
                "6,0"
            ],
            [
                {
                    "c": "#aaaaaa",
                    "w": 2
                },
                "2,0",
                {
                    "c": "#cccccc"
                },
                "2,1",
                "2,2",
                "2,3",
                {
                    "n": true
                },
                "2,4",
                "2,5",
                "2,6",
                {
                    "n": true
                },
                "7,6",
                "7,5",
                "7,4",
                "7,3",
                "7,2",
                {
                    "c": "#777777",
                    "w": 2
                },
                "7,1"
            ],
            [
                {
                    "x": 0.25,
                    "c": "#aaaaaa",
                    "w": 2
                },
                "3,0",
                {
                    "c": "#cccccc"
                },
                "3,1",
                "3,2",
                "3,3",
                "3,4",
                "3,5",
                "3,6",
                "8,6",
                "8,5",
                "8,4",
                "8,3",
                {
                    "x": 0.25,
                    "c": "#aaaaaa"
                },
                "8,2"
            ],
            [
                {
                    "x": 0.5
                },
                "4,0",
                "4,1",
                "4,2",
                "4,3",
                "4,4",
                {
                    "w": 1.5
                },
                "4,5",
                {
                    "w": 1.5
                },
                "4,6",
                "9,6",
                "9,5",
                "9,4",
                "9,3",
                "9,2",
                "9,1"
            ]
        ]
    }
}
